{
    "epoch": 10.0,
    "eval_gen_len": 39.13953488372093,
    "eval_loss": 2.597321033477783,
    "eval_rouge1": 56.6843,
    "eval_rouge2": 27.2114,
    "eval_rougeL": 38.4893,
    "eval_rougeLsum": 39.5976,
    "eval_runtime": 54.5854,
    "eval_samples": 172,
    "eval_samples_per_second": 3.151,
    "eval_steps_per_second": 0.403,
    "predict_gen_len": 38.659685863874344,
    "predict_loss": 2.7186946868896484,
    "predict_rouge1": 56.0904,
    "predict_rouge2": 26.2323,
    "predict_rougeL": 36.4953,
    "predict_rougeLsum": 37.5475,
    "predict_runtime": 60.2422,
    "predict_samples": 191,
    "predict_samples_per_second": 3.171,
    "predict_steps_per_second": 0.398,
    "total_flos": 1.615839195769344e+16,
    "train_loss": 0.8537986083351886,
    "train_runtime": 2715.7338,
    "train_samples": 1537,
    "train_samples_per_second": 5.66,
    "train_steps_per_second": 0.711
}